Invoice Number,Supplier Name,Invoice Amount,Due Date,Payment Terms
INV-00001,Supplier Z,16160.35,2025-04-28,Net 30
INV-00002,Supplier E,18235.3,2025-03-30,Net 45
INV-00003,Supplier A,4930.28,2025-02-27,Net 45
INV-00004,Supplier Z,4102.34,2025-03-24,Net 45
INV-00005,Supplier T,3065.84,2025-02-23,1/15 Net 45
INV-00006,Supplier Y,13811.14,2025-03-25,Net 30
INV-00007,Supplier P,19153.46,2025-04-10,Net 30
INV-00008,Supplier E,13935.36,2025-03-28,Net 15
INV-00009,Supplier M,1695.74,2025-04-24,Net 45
INV-00010,Supplier A,8866.61,2025-04-19,Net 30
INV-00011,Supplier W,19157.99,2025-02-08,Net 45
INV-00012,Supplier T,14536.38,2025-03-11,1/15 Net 45
INV-00013,Supplier E,14020.74,2025-03-21,2/10 Net 30
INV-00014,Supplier J,13625.24,2025-03-04,Net 45
INV-00015,Supplier B,13487.31,2025-03-10,1/15 Net 45
INV-00016,Supplier U,13431.05,2025-03-21,2/10 Net 30
INV-00017,Supplier Q,6060.87,2025-04-25,1/15 Net 45
INV-00018,Supplier H,13817.42,2025-02-01,Net 15
INV-00019,Supplier W,17222.47,2025-03-19,Net 15
INV-00020,Supplier W,9345.7,2025-04-03,2/10 Net 30
INV-00021,Supplier D,13331.5,2025-04-18,Net 45
INV-00022,Supplier V,4391.57,2025-03-04,Net 15
INV-00023,Supplier G,19835.74,2025-04-05,1/15 Net 45
INV-00024,Supplier H,13615.22,2025-04-19,1/15 Net 45
INV-00025,Supplier I,13437.72,2025-02-27,1/15 Net 45
INV-00026,Supplier P,6068.53,2025-02-09,1/15 Net 45
INV-00027,Supplier F,7268.65,2025-02-25,Net 45
INV-00028,Supplier X,19767.33,2025-04-03,Net 15
INV-00029,Supplier K,361.95,2025-03-06,Net 45
INV-00030,Supplier O,4181.23,2025-03-02,Net 30
INV-00031,Supplier Y,5827.39,2025-02-01,Net 30
INV-00032,Supplier O,573.73,2025-02-13,Net 45
INV-00033,Supplier S,8961.98,2025-02-18,1/15 Net 45
INV-00034,Supplier L,14973.9,2025-01-31,Net 15
INV-00035,Supplier L,1288.82,2025-02-09,Net 15
INV-00036,Supplier P,2607.61,2025-04-26,2/10 Net 30
INV-00037,Supplier J,8741.24,2025-04-25,Net 45
INV-00038,Supplier R,7628.9,2025-03-19,Net 15
INV-00039,Supplier J,2892.86,2025-04-28,Net 30
INV-00040,Supplier S,2428.98,2025-03-04,Net 30
INV-00041,Supplier L,17775.28,2025-02-05,Net 15
INV-00042,Supplier V,12649.55,2025-04-28,Net 30
INV-00043,Supplier H,19897.03,2025-03-23,2/10 Net 30
INV-00044,Supplier L,17524.39,2025-02-21,Net 30
INV-00045,Supplier E,6901.87,2025-02-02,Net 15
INV-00046,Supplier L,13607.19,2025-03-07,Net 45
INV-00047,Supplier Q,10378.25,2025-03-01,1/15 Net 45
INV-00048,Supplier H,12928.63,2025-03-01,Net 15
INV-00049,Supplier P,18192.3,2025-02-06,1/15 Net 45
INV-00050,Supplier U,19847.8,2025-02-27,Net 15
INV-00051,Supplier F,5192.96,2025-02-07,Net 15
INV-00052,Supplier B,11575.79,2025-03-19,Net 15
INV-00053,Supplier E,8378.34,2025-04-25,Net 15
INV-00054,Supplier E,10310.14,2025-04-08,2/10 Net 30
INV-00055,Supplier C,11376.68,2025-04-09,Net 30
INV-00056,Supplier G,8597.27,2025-02-25,Net 45
INV-00057,Supplier M,8040.57,2025-01-31,Net 15
INV-00058,Supplier E,6920.88,2025-03-05,1/15 Net 45
INV-00059,Supplier L,15804.87,2025-03-30,Net 30
INV-00060,Supplier V,3938.84,2025-03-25,2/10 Net 30
INV-00061,Supplier U,589.86,2025-02-02,Net 15
INV-00062,Supplier Q,5753.28,2025-04-29,2/10 Net 30
INV-00063,Supplier P,4583.59,2025-04-05,Net 30
INV-00064,Supplier V,14411.9,2025-04-16,1/15 Net 45
INV-00065,Supplier Y,15583.92,2025-03-07,Net 45
INV-00066,Supplier V,6464.05,2025-04-14,Net 30
INV-00067,Supplier O,16075.98,2025-02-13,1/15 Net 45
INV-00068,Supplier M,18011.86,2025-04-16,2/10 Net 30
INV-00069,Supplier K,10734.1,2025-04-03,Net 15
INV-00070,Supplier Z,11561.85,2025-03-24,2/10 Net 30
INV-00071,Supplier I,6522.64,2025-03-29,Net 45
INV-00072,Supplier K,6772.82,2025-03-20,Net 45
INV-00073,Supplier E,12615.73,2025-04-26,Net 30
INV-00074,Supplier Z,17611.07,2025-03-20,Net 30
INV-00075,Supplier V,991.31,2025-03-23,1/15 Net 45
INV-00076,Supplier J,17334.59,2025-04-16,Net 45
INV-00077,Supplier B,2247.67,2025-03-14,Net 45
INV-00078,Supplier I,6453.81,2025-03-12,Net 30
INV-00079,Supplier I,13843.25,2025-02-14,1/15 Net 45
INV-00080,Supplier V,12636.67,2025-03-16,Net 30
INV-00081,Supplier C,16666.71,2025-02-09,Net 45
INV-00082,Supplier O,17583.67,2025-04-19,Net 30
INV-00083,Supplier Z,7104.63,2025-04-09,2/10 Net 30
INV-00084,Supplier S,17424.42,2025-03-03,2/10 Net 30
INV-00085,Supplier O,18662.05,2025-04-12,Net 45
INV-00086,Supplier S,1032.16,2025-03-12,Net 45
INV-00087,Supplier F,10096.65,2025-03-29,Net 45
INV-00088,Supplier N,11834.28,2025-03-22,2/10 Net 30
INV-00089,Supplier R,7429.05,2025-04-04,1/15 Net 45
INV-00090,Supplier Q,2065.96,2025-02-14,Net 30
INV-00091,Supplier A,824.97,2025-02-20,2/10 Net 30
INV-00092,Supplier T,19841.49,2025-03-31,Net 15
INV-00093,Supplier D,17295.56,2025-04-06,2/10 Net 30
INV-00094,Supplier Q,1400.54,2025-02-22,Net 15
INV-00095,Supplier I,3714.44,2025-01-31,Net 45
INV-00096,Supplier Y,5240.05,2025-03-14,Net 45
INV-00097,Supplier L,6701.04,2025-02-16,Net 15
INV-00098,Supplier B,3484.62,2025-04-06,2/10 Net 30
INV-00099,Supplier Z,18001.92,2025-03-04,Net 15
INV-00100,Supplier P,696.65,2025-04-14,Net 30
INV-00101,Supplier H,1838.01,2025-04-28,Net 15
INV-00102,Supplier H,17637.34,2025-02-19,2/10 Net 30
INV-00103,Supplier H,16578.1,2025-02-08,Net 45
INV-00104,Supplier X,529.94,2025-03-09,1/15 Net 45
INV-00105,Supplier S,498.88,2025-01-31,1/15 Net 45
INV-00106,Supplier L,6224.69,2025-03-26,Net 45
INV-00107,Supplier V,2187.54,2025-04-26,Net 45
INV-00108,Supplier H,1490.16,2025-04-20,Net 30
INV-00109,Supplier Y,227.1,2025-03-13,Net 15
INV-00110,Supplier T,4295.98,2025-04-29,Net 30
INV-00111,Supplier B,14184.23,2025-04-22,2/10 Net 30
INV-00112,Supplier Z,1773.0,2025-03-10,Net 15
INV-00113,Supplier O,13678.84,2025-03-10,2/10 Net 30
INV-00114,Supplier L,14107.09,2025-02-25,2/10 Net 30
INV-00115,Supplier R,5190.9,2025-02-15,Net 15
INV-00116,Supplier V,17080.32,2025-04-24,2/10 Net 30
INV-00117,Supplier S,13829.94,2025-03-26,Net 30
INV-00118,Supplier R,4612.41,2025-02-16,2/10 Net 30
INV-00119,Supplier O,9475.02,2025-04-15,Net 30
INV-00120,Supplier X,4007.81,2025-02-09,Net 15
INV-00121,Supplier S,2635.92,2025-04-07,1/15 Net 45
INV-00122,Supplier F,1427.15,2025-02-03,Net 30
INV-00123,Supplier B,2986.11,2025-02-18,Net 30
INV-00124,Supplier S,14851.0,2025-03-09,Net 30
INV-00125,Supplier Y,6599.07,2025-03-02,Net 30
INV-00126,Supplier X,4217.32,2025-04-28,Net 30
INV-00127,Supplier P,2928.41,2025-04-28,2/10 Net 30
INV-00128,Supplier O,3139.91,2025-02-07,Net 15
INV-00129,Supplier F,6071.9,2025-03-27,2/10 Net 30
INV-00130,Supplier O,1911.6,2025-03-26,Net 45
INV-00131,Supplier W,6738.51,2025-03-17,2/10 Net 30
INV-00132,Supplier D,12100.4,2025-03-06,2/10 Net 30
INV-00133,Supplier H,14381.1,2025-03-21,Net 45
INV-00134,Supplier B,2691.04,2025-04-25,2/10 Net 30
INV-00135,Supplier B,19697.59,2025-02-08,1/15 Net 45
INV-00136,Supplier P,780.8,2025-03-17,2/10 Net 30
INV-00137,Supplier N,2465.55,2025-04-21,2/10 Net 30
INV-00138,Supplier A,12875.15,2025-02-06,Net 30
INV-00139,Supplier R,6836.73,2025-03-20,1/15 Net 45
INV-00140,Supplier F,1363.31,2025-03-02,1/15 Net 45
INV-00141,Supplier S,19600.77,2025-02-23,Net 45
INV-00142,Supplier L,4058.28,2025-04-22,Net 15
INV-00143,Supplier V,14984.86,2025-02-10,1/15 Net 45
INV-00144,Supplier F,2745.93,2025-02-09,Net 30
INV-00145,Supplier S,6812.52,2025-04-05,1/15 Net 45
INV-00146,Supplier U,16100.0,2025-02-04,2/10 Net 30
INV-00147,Supplier Q,18300.04,2025-04-20,Net 45
INV-00148,Supplier H,13023.95,2025-03-14,Net 45
INV-00149,Supplier K,5064.07,2025-02-09,Net 30
INV-00150,Supplier U,5333.2,2025-04-15,2/10 Net 30
INV-00151,Supplier X,9913.3,2025-03-20,Net 15
INV-00152,Supplier W,16444.27,2025-03-25,1/15 Net 45
INV-00153,Supplier T,5679.64,2025-03-09,2/10 Net 30
INV-00154,Supplier M,12103.33,2025-03-08,Net 15
INV-00155,Supplier F,14214.8,2025-03-20,2/10 Net 30
INV-00156,Supplier C,15538.94,2025-04-01,2/10 Net 30
INV-00157,Supplier C,6172.38,2025-02-13,1/15 Net 45
INV-00158,Supplier R,17128.94,2025-02-15,1/15 Net 45
INV-00159,Supplier Y,8830.32,2025-02-16,2/10 Net 30
INV-00160,Supplier Z,1970.12,2025-02-28,1/15 Net 45
INV-00161,Supplier N,14407.02,2025-04-17,Net 45
INV-00162,Supplier O,8233.81,2025-03-11,2/10 Net 30
INV-00163,Supplier E,8196.8,2025-02-08,Net 15
INV-00164,Supplier I,16736.17,2025-02-27,2/10 Net 30
INV-00165,Supplier E,7906.38,2025-02-04,Net 45
INV-00166,Supplier Z,17639.31,2025-02-05,Net 30
INV-00167,Supplier S,13063.05,2025-02-09,Net 45
INV-00168,Supplier K,8286.97,2025-04-08,1/15 Net 45
INV-00169,Supplier V,5636.02,2025-03-10,2/10 Net 30
INV-00170,Supplier I,12095.23,2025-04-11,1/15 Net 45
INV-00171,Supplier S,15819.13,2025-03-24,1/15 Net 45
INV-00172,Supplier W,11652.63,2025-04-08,1/15 Net 45
INV-00173,Supplier Q,13653.31,2025-03-16,1/15 Net 45
INV-00174,Supplier T,11808.72,2025-02-23,2/10 Net 30
INV-00175,Supplier I,1236.45,2025-03-31,Net 45
INV-00176,Supplier Y,18399.35,2025-04-07,Net 30
INV-00177,Supplier R,4300.65,2025-02-09,2/10 Net 30
INV-00178,Supplier R,7985.81,2025-04-06,2/10 Net 30
INV-00179,Supplier V,18060.94,2025-03-25,Net 45
INV-00180,Supplier U,5605.6,2025-04-16,Net 15
INV-00181,Supplier B,9412.71,2025-01-30,Net 30
INV-00182,Supplier P,370.4,2025-04-13,Net 15
INV-00183,Supplier J,11486.16,2025-03-31,Net 30
INV-00184,Supplier Z,5300.83,2025-02-18,2/10 Net 30
INV-00185,Supplier H,6348.92,2025-04-10,1/15 Net 45
INV-00186,Supplier R,11454.45,2025-03-03,Net 15
INV-00187,Supplier R,779.53,2025-03-01,Net 15
INV-00188,Supplier F,12619.06,2025-04-29,Net 30
INV-00189,Supplier A,3878.52,2025-04-18,Net 45
INV-00190,Supplier J,5705.89,2025-02-09,2/10 Net 30
INV-00191,Supplier Y,5969.45,2025-02-01,Net 45
INV-00192,Supplier U,17056.23,2025-04-20,1/15 Net 45
INV-00193,Supplier T,3723.05,2025-03-18,Net 15
INV-00194,Supplier A,17610.82,2025-04-16,Net 15
INV-00195,Supplier R,3103.16,2025-04-29,Net 30
INV-00196,Supplier T,17276.3,2025-03-09,2/10 Net 30
INV-00197,Supplier S,3432.24,2025-04-17,Net 45
INV-00198,Supplier Y,19337.95,2025-02-22,1/15 Net 45
INV-00199,Supplier B,14056.68,2025-04-20,Net 45
INV-00200,Supplier N,12855.43,2025-02-10,Net 15
INV-00201,Supplier S,14232.25,2025-02-05,Net 30
INV-00202,Supplier P,1605.75,2025-03-16,2/10 Net 30
INV-00203,Supplier P,7734.6,2025-04-17,Net 45
INV-00204,Supplier U,16606.05,2025-03-06,Net 15
INV-00205,Supplier K,3053.92,2025-03-28,Net 30
INV-00206,Supplier B,10457.86,2025-03-28,2/10 Net 30
INV-00207,Supplier F,747.49,2025-02-05,Net 15
INV-00208,Supplier N,12669.19,2025-03-23,1/15 Net 45
INV-00209,Supplier F,16142.42,2025-02-19,Net 15
INV-00210,Supplier N,7295.31,2025-04-25,1/15 Net 45
INV-00211,Supplier J,3862.46,2025-03-17,1/15 Net 45
INV-00212,Supplier R,2323.99,2025-04-16,Net 15
INV-00213,Supplier A,14417.16,2025-04-04,Net 15
INV-00214,Supplier L,2606.79,2025-03-05,Net 30
INV-00215,Supplier M,6482.74,2025-02-01,Net 15
INV-00216,Supplier S,4650.97,2025-04-08,Net 45
INV-00217,Supplier A,9179.05,2025-03-14,Net 30
INV-00218,Supplier F,14340.85,2025-02-20,Net 45
INV-00219,Supplier F,11856.49,2025-03-05,Net 30
INV-00220,Supplier I,4310.05,2025-03-12,1/15 Net 45
INV-00221,Supplier N,3583.56,2025-02-10,2/10 Net 30
INV-00222,Supplier Z,11714.61,2025-03-20,2/10 Net 30
INV-00223,Supplier J,14093.04,2025-02-23,1/15 Net 45
INV-00224,Supplier N,4735.9,2025-03-22,1/15 Net 45
INV-00225,Supplier B,6465.7,2025-02-04,Net 30
INV-00226,Supplier Y,12806.67,2025-03-27,Net 30
INV-00227,Supplier V,12141.27,2025-03-22,Net 15
INV-00228,Supplier O,14488.19,2025-04-16,Net 45
INV-00229,Supplier J,5675.69,2025-04-06,Net 45
INV-00230,Supplier W,14969.75,2025-02-27,2/10 Net 30
INV-00231,Supplier X,3228.6,2025-03-04,2/10 Net 30
INV-00232,Supplier X,6607.42,2025-02-05,Net 15
INV-00233,Supplier L,17635.5,2025-04-28,Net 15
INV-00234,Supplier G,4362.36,2025-03-17,2/10 Net 30
INV-00235,Supplier G,10613.35,2025-03-17,1/15 Net 45
INV-00236,Supplier U,12949.46,2025-03-26,1/15 Net 45
INV-00237,Supplier Z,1691.18,2025-03-29,1/15 Net 45
INV-00238,Supplier K,7977.32,2025-02-12,Net 30
INV-00239,Supplier R,7751.24,2025-04-14,Net 45
INV-00240,Supplier D,14884.47,2025-02-07,Net 45
INV-00241,Supplier E,2460.66,2025-02-13,Net 15
INV-00242,Supplier F,4207.8,2025-01-31,Net 30
INV-00243,Supplier A,10136.71,2025-02-02,2/10 Net 30
INV-00244,Supplier D,12057.4,2025-04-11,1/15 Net 45
INV-00245,Supplier M,5994.39,2025-02-26,Net 30
INV-00246,Supplier S,9333.31,2025-04-05,1/15 Net 45
INV-00247,Supplier J,5091.23,2025-02-27,1/15 Net 45
INV-00248,Supplier R,4488.4,2025-03-20,Net 15
INV-00249,Supplier O,16392.45,2025-02-18,Net 15
INV-00250,Supplier I,17121.43,2025-04-06,Net 45
INV-00251,Supplier J,11378.96,2025-03-30,2/10 Net 30
INV-00252,Supplier F,2254.83,2025-02-24,Net 30
INV-00253,Supplier H,13162.91,2025-03-21,1/15 Net 45
INV-00254,Supplier D,16984.66,2025-04-15,Net 15
INV-00255,Supplier I,9107.18,2025-03-31,Net 45
INV-00256,Supplier I,9208.57,2025-02-25,Net 45
INV-00257,Supplier Z,16841.43,2025-02-04,Net 45
INV-00258,Supplier Y,16907.93,2025-02-23,2/10 Net 30
INV-00259,Supplier U,11442.53,2025-02-08,1/15 Net 45
INV-00260,Supplier P,9663.33,2025-03-31,Net 15
INV-00261,Supplier D,3162.83,2025-03-02,Net 30
INV-00262,Supplier R,18053.36,2025-02-18,1/15 Net 45
INV-00263,Supplier U,9642.35,2025-04-05,2/10 Net 30
INV-00264,Supplier K,4045.54,2025-02-04,Net 15
INV-00265,Supplier M,3574.36,2025-03-05,1/15 Net 45
INV-00266,Supplier V,883.76,2025-03-30,Net 30
INV-00267,Supplier E,4568.36,2025-04-16,1/15 Net 45
INV-00268,Supplier N,7211.44,2025-03-25,Net 30
INV-00269,Supplier T,1077.04,2025-02-21,Net 15
INV-00270,Supplier C,7104.36,2025-04-02,2/10 Net 30
INV-00271,Supplier M,10068.4,2025-03-24,2/10 Net 30
INV-00272,Supplier F,12058.1,2025-02-12,2/10 Net 30
INV-00273,Supplier N,6461.07,2025-04-05,2/10 Net 30
INV-00274,Supplier Q,12950.93,2025-02-02,Net 30
INV-00275,Supplier D,1633.98,2025-03-03,Net 45
INV-00276,Supplier L,14803.65,2025-04-16,Net 15
INV-00277,Supplier L,2343.65,2025-03-10,Net 15
INV-00278,Supplier I,13594.45,2025-03-07,Net 30
INV-00279,Supplier K,15518.08,2025-03-31,Net 45
INV-00280,Supplier L,16110.0,2025-04-13,1/15 Net 45
INV-00281,Supplier M,4687.93,2025-04-22,1/15 Net 45
INV-00282,Supplier E,8445.34,2025-03-09,Net 15
INV-00283,Supplier F,4202.68,2025-02-27,1/15 Net 45
INV-00284,Supplier M,3097.38,2025-02-08,1/15 Net 45
INV-00285,Supplier K,19402.98,2025-04-16,Net 45
INV-00286,Supplier E,5547.83,2025-02-03,Net 45
INV-00287,Supplier H,18081.14,2025-02-23,Net 30
INV-00288,Supplier P,13689.93,2025-02-27,Net 15
INV-00289,Supplier U,12778.99,2025-04-11,2/10 Net 30
INV-00290,Supplier J,18607.03,2025-04-13,Net 30
INV-00291,Supplier Y,11574.31,2025-03-25,1/15 Net 45
INV-00292,Supplier V,17028.74,2025-02-28,2/10 Net 30
INV-00293,Supplier C,13974.96,2025-03-31,2/10 Net 30
INV-00294,Supplier N,7413.86,2025-03-31,1/15 Net 45
INV-00295,Supplier T,19023.89,2025-03-12,1/15 Net 45
INV-00296,Supplier N,4112.5,2025-03-02,1/15 Net 45
INV-00297,Supplier M,3903.95,2025-04-02,1/15 Net 45
INV-00298,Supplier F,4860.59,2025-04-03,Net 30
INV-00299,Supplier V,4858.34,2025-04-22,1/15 Net 45
INV-00300,Supplier O,16357.36,2025-03-20,2/10 Net 30
INV-00301,Supplier U,6319.82,2025-02-16,1/15 Net 45
INV-00302,Supplier P,19909.03,2025-04-15,Net 45
INV-00303,Supplier X,13692.62,2025-03-22,Net 30
INV-00304,Supplier Q,14617.02,2025-04-01,2/10 Net 30
INV-00305,Supplier U,11716.61,2025-03-13,2/10 Net 30
INV-00306,Supplier B,1251.62,2025-03-28,1/15 Net 45
INV-00307,Supplier K,1523.66,2025-04-06,Net 45
INV-00308,Supplier W,15078.68,2025-02-13,Net 45
INV-00309,Supplier Q,9239.0,2025-04-26,Net 15
INV-00310,Supplier R,8041.66,2025-02-11,Net 15
INV-00311,Supplier W,5139.15,2025-02-12,Net 15
INV-00312,Supplier R,12450.35,2025-04-23,Net 30
INV-00313,Supplier P,10820.39,2025-02-16,Net 30
INV-00314,Supplier Z,4598.87,2025-02-17,1/15 Net 45
INV-00315,Supplier W,14751.73,2025-02-16,1/15 Net 45
INV-00316,Supplier K,19170.47,2025-03-29,1/15 Net 45
INV-00317,Supplier N,1665.39,2025-03-27,2/10 Net 30
INV-00318,Supplier H,4240.59,2025-03-21,Net 15
INV-00319,Supplier P,16197.53,2025-04-03,Net 30
INV-00320,Supplier N,4873.24,2025-03-07,1/15 Net 45
INV-00321,Supplier L,12562.12,2025-04-17,2/10 Net 30
INV-00322,Supplier P,9197.95,2025-02-07,Net 45
INV-00323,Supplier V,17519.13,2025-04-09,1/15 Net 45
INV-00324,Supplier P,14060.75,2025-02-22,Net 15
INV-00325,Supplier Q,8610.37,2025-02-04,Net 45
INV-00326,Supplier B,12163.39,2025-03-02,Net 15
INV-00327,Supplier G,14393.84,2025-03-14,Net 30
INV-00328,Supplier Z,17179.11,2025-02-25,2/10 Net 30
INV-00329,Supplier T,9218.77,2025-03-03,2/10 Net 30
INV-00330,Supplier T,10417.19,2025-03-06,Net 30
INV-00331,Supplier A,10083.14,2025-02-05,1/15 Net 45
INV-00332,Supplier H,14700.57,2025-02-27,Net 45
INV-00333,Supplier N,2618.14,2025-04-08,2/10 Net 30
INV-00334,Supplier O,11057.91,2025-02-03,Net 45
INV-00335,Supplier N,19971.86,2025-03-30,2/10 Net 30
INV-00336,Supplier F,10916.6,2025-03-15,1/15 Net 45
INV-00337,Supplier J,10131.72,2025-02-06,Net 15
INV-00338,Supplier T,10650.04,2025-03-08,Net 30
INV-00339,Supplier V,6136.13,2025-03-05,Net 45
INV-00340,Supplier T,6403.15,2025-03-12,Net 30
INV-00341,Supplier P,16290.37,2025-03-02,Net 15
INV-00342,Supplier O,2009.29,2025-02-12,Net 15
INV-00343,Supplier T,5452.36,2025-04-24,1/15 Net 45
INV-00344,Supplier Y,3817.47,2025-02-27,1/15 Net 45
INV-00345,Supplier A,10117.58,2025-04-28,1/15 Net 45
INV-00346,Supplier U,12316.17,2025-04-01,Net 45
INV-00347,Supplier J,15378.94,2025-02-28,Net 45
INV-00348,Supplier G,16363.54,2025-02-27,Net 30
INV-00349,Supplier V,8104.18,2025-04-25,2/10 Net 30
INV-00350,Supplier J,16854.98,2025-04-07,1/15 Net 45
INV-00351,Supplier X,4236.93,2025-02-08,1/15 Net 45
INV-00352,Supplier D,16481.57,2025-02-01,Net 30
INV-00353,Supplier I,16728.57,2025-04-28,1/15 Net 45
INV-00354,Supplier O,13126.87,2025-04-21,Net 45
INV-00355,Supplier P,1916.97,2025-03-18,1/15 Net 45
INV-00356,Supplier F,4783.94,2025-02-03,Net 45
INV-00357,Supplier G,8985.03,2025-01-31,Net 45
INV-00358,Supplier W,7172.38,2025-03-10,2/10 Net 30
INV-00359,Supplier O,16225.09,2025-02-03,1/15 Net 45
INV-00360,Supplier O,18964.58,2025-04-11,1/15 Net 45
INV-00361,Supplier O,15732.52,2025-02-19,Net 15
INV-00362,Supplier V,4600.25,2025-04-14,Net 45
INV-00363,Supplier G,2114.39,2025-03-20,Net 30
INV-00364,Supplier K,189.81,2025-02-02,1/15 Net 45
INV-00365,Supplier B,19834.15,2025-03-17,Net 30
INV-00366,Supplier U,3398.74,2025-03-21,Net 45
INV-00367,Supplier C,7260.4,2025-03-28,Net 30
INV-00368,Supplier T,12926.67,2025-03-14,1/15 Net 45
INV-00369,Supplier A,8783.54,2025-04-07,2/10 Net 30
INV-00370,Supplier Q,9038.53,2025-03-13,2/10 Net 30
INV-00371,Supplier A,18627.25,2025-02-09,Net 45
INV-00372,Supplier K,15358.77,2025-03-29,Net 30
INV-00373,Supplier D,1290.39,2025-02-17,1/15 Net 45
INV-00374,Supplier F,18298.63,2025-04-26,1/15 Net 45
INV-00375,Supplier S,362.44,2025-03-13,Net 45
INV-00376,Supplier N,2791.02,2025-02-07,Net 15
INV-00377,Supplier J,2699.56,2025-04-08,Net 30
INV-00378,Supplier K,15034.34,2025-02-24,Net 30
INV-00379,Supplier S,11676.11,2025-03-27,1/15 Net 45
INV-00380,Supplier V,3414.16,2025-04-20,1/15 Net 45
INV-00381,Supplier I,5074.22,2025-04-28,Net 45
INV-00382,Supplier X,5198.35,2025-02-08,Net 30
INV-00383,Supplier S,19333.34,2025-02-11,2/10 Net 30
INV-00384,Supplier D,7293.98,2025-04-01,Net 30
INV-00385,Supplier V,6703.77,2025-04-12,Net 30
INV-00386,Supplier G,5618.36,2025-03-24,2/10 Net 30
INV-00387,Supplier V,918.2,2025-02-28,2/10 Net 30
INV-00388,Supplier U,17469.44,2025-04-20,Net 15
INV-00389,Supplier K,4949.65,2025-03-16,Net 30
INV-00390,Supplier G,1576.7,2025-04-11,1/15 Net 45
INV-00391,Supplier S,6603.15,2025-02-12,Net 30
INV-00392,Supplier L,4979.32,2025-04-14,Net 15
INV-00393,Supplier H,13642.81,2025-03-20,Net 45
INV-00394,Supplier G,8461.96,2025-04-18,2/10 Net 30
INV-00395,Supplier W,6755.2,2025-03-03,Net 45
INV-00396,Supplier N,18979.88,2025-03-04,Net 15
INV-00397,Supplier I,6881.49,2025-03-28,Net 30
INV-00398,Supplier F,5663.02,2025-02-27,Net 30
INV-00399,Supplier H,2704.96,2025-04-24,Net 15
INV-00400,Supplier G,4238.38,2025-04-16,Net 45
INV-00401,Supplier N,9820.62,2025-04-03,Net 45
INV-00402,Supplier Z,19410.02,2025-02-05,1/15 Net 45
INV-00403,Supplier K,14331.68,2025-02-02,Net 15
INV-00404,Supplier Z,3048.24,2025-03-20,Net 45
INV-00405,Supplier Y,4711.12,2025-03-18,Net 30
INV-00406,Supplier O,11247.26,2025-04-01,Net 30
INV-00407,Supplier M,1968.13,2025-04-08,2/10 Net 30
INV-00408,Supplier L,9222.43,2025-03-10,Net 15
INV-00409,Supplier N,17309.29,2025-02-15,1/15 Net 45
INV-00410,Supplier Y,12465.03,2025-01-30,Net 30
INV-00411,Supplier K,6210.73,2025-03-24,2/10 Net 30
INV-00412,Supplier J,11421.78,2025-03-09,Net 30
INV-00413,Supplier Z,2649.5,2025-02-24,Net 15
INV-00414,Supplier D,2580.48,2025-04-23,2/10 Net 30
INV-00415,Supplier E,1811.29,2025-02-28,1/15 Net 45
INV-00416,Supplier G,372.53,2025-02-22,1/15 Net 45
INV-00417,Supplier P,8898.05,2025-03-16,Net 15
INV-00418,Supplier U,8804.66,2025-03-29,Net 15
INV-00419,Supplier V,18200.31,2025-02-18,Net 15
INV-00420,Supplier T,14872.84,2025-02-22,Net 15
INV-00421,Supplier M,14232.12,2025-03-05,Net 45
INV-00422,Supplier E,15809.38,2025-03-07,1/15 Net 45
INV-00423,Supplier V,9973.89,2025-02-15,Net 45
INV-00424,Supplier C,16442.44,2025-04-19,Net 15
INV-00425,Supplier T,12706.42,2025-02-23,1/15 Net 45
INV-00426,Supplier P,15166.06,2025-03-08,2/10 Net 30
INV-00427,Supplier I,18054.75,2025-04-18,Net 30
INV-00428,Supplier S,8115.37,2025-04-22,Net 30
INV-00429,Supplier V,19410.77,2025-03-16,Net 15
INV-00430,Supplier B,9586.07,2025-03-29,2/10 Net 30
INV-00431,Supplier X,19109.33,2025-03-11,2/10 Net 30
INV-00432,Supplier H,11475.42,2025-02-18,Net 15
INV-00433,Supplier W,1765.31,2025-03-21,Net 45
INV-00434,Supplier Q,7806.66,2025-02-12,Net 30
INV-00435,Supplier F,17957.93,2025-02-14,Net 45
INV-00436,Supplier Z,14275.87,2025-04-03,Net 30
INV-00437,Supplier L,16133.65,2025-01-30,Net 15
INV-00438,Supplier I,14374.5,2025-03-06,Net 30
INV-00439,Supplier L,5510.54,2025-03-19,Net 30
INV-00440,Supplier G,287.21,2025-03-27,2/10 Net 30
INV-00441,Supplier F,5727.73,2025-04-20,1/15 Net 45
INV-00442,Supplier M,1019.02,2025-03-24,Net 45
INV-00443,Supplier Q,12800.03,2025-04-09,Net 30
INV-00444,Supplier S,18110.39,2025-04-23,2/10 Net 30
INV-00445,Supplier L,19854.05,2025-02-06,1/15 Net 45
INV-00446,Supplier B,13363.73,2025-03-29,Net 15
INV-00447,Supplier Q,6572.09,2025-03-25,Net 45
INV-00448,Supplier P,12431.19,2025-04-10,Net 15
INV-00449,Supplier A,14522.73,2025-04-03,Net 45
INV-00450,Supplier F,11211.02,2025-04-24,Net 45
INV-00451,Supplier J,1233.67,2025-02-07,Net 30
INV-00452,Supplier G,10402.8,2025-03-05,Net 15
INV-00453,Supplier J,884.17,2025-03-16,Net 15
INV-00454,Supplier X,19029.08,2025-02-19,Net 30
INV-00455,Supplier J,12540.37,2025-03-11,Net 30
INV-00456,Supplier L,17502.37,2025-04-25,1/15 Net 45
INV-00457,Supplier B,6693.69,2025-04-21,Net 15
INV-00458,Supplier X,2600.83,2025-02-01,Net 45
INV-00459,Supplier S,17023.11,2025-04-18,2/10 Net 30
INV-00460,Supplier Y,7154.34,2025-03-29,1/15 Net 45
INV-00461,Supplier L,3933.77,2025-02-02,1/15 Net 45
INV-00462,Supplier Y,1024.09,2025-02-12,Net 15
INV-00463,Supplier N,4900.23,2025-03-17,1/15 Net 45
INV-00464,Supplier S,9105.6,2025-03-31,Net 30
INV-00465,Supplier P,7331.06,2025-03-21,2/10 Net 30
INV-00466,Supplier Q,10025.44,2025-03-26,2/10 Net 30
INV-00467,Supplier K,327.06,2025-02-18,2/10 Net 30
INV-00468,Supplier X,16401.29,2025-03-29,Net 30
INV-00469,Supplier Q,16425.77,2025-04-03,2/10 Net 30
INV-00470,Supplier L,4931.03,2025-03-03,Net 15
INV-00471,Supplier U,4165.27,2025-02-25,2/10 Net 30
INV-00472,Supplier D,17788.18,2025-04-13,1/15 Net 45
INV-00473,Supplier C,18227.58,2025-04-27,2/10 Net 30
INV-00474,Supplier G,19547.38,2025-04-11,1/15 Net 45
INV-00475,Supplier U,5649.09,2025-03-02,Net 45
INV-00476,Supplier N,14188.09,2025-02-02,2/10 Net 30
INV-00477,Supplier N,15502.19,2025-04-04,2/10 Net 30
INV-00478,Supplier T,18919.58,2025-03-11,1/15 Net 45
INV-00479,Supplier C,6275.14,2025-03-27,Net 45
INV-00480,Supplier S,14946.93,2025-02-11,Net 15
INV-00481,Supplier S,12826.04,2025-03-08,Net 15
INV-00482,Supplier W,3713.79,2025-02-28,Net 45
INV-00483,Supplier N,1844.86,2025-03-24,Net 15
INV-00484,Supplier W,2599.92,2025-02-21,Net 45
INV-00485,Supplier F,5606.2,2025-04-22,Net 45
INV-00486,Supplier K,11126.59,2025-02-20,2/10 Net 30
INV-00487,Supplier H,14880.3,2025-04-10,2/10 Net 30
INV-00488,Supplier G,15483.36,2025-02-17,Net 45
INV-00489,Supplier O,6852.58,2025-04-21,Net 45
INV-00490,Supplier U,3286.8,2025-02-19,Net 15
INV-00491,Supplier R,1719.67,2025-02-13,Net 45
INV-00492,Supplier H,3035.51,2025-03-29,1/15 Net 45
INV-00493,Supplier J,15329.73,2025-03-29,2/10 Net 30
INV-00494,Supplier C,15592.93,2025-03-09,Net 15
INV-00495,Supplier I,9744.34,2025-04-01,Net 45
INV-00496,Supplier L,12595.46,2025-03-14,Net 45
INV-00497,Supplier C,855.41,2025-04-12,1/15 Net 45
INV-00498,Supplier T,4707.03,2025-04-21,Net 30
INV-00499,Supplier X,6737.01,2025-02-21,2/10 Net 30
INV-00500,Supplier L,11485.96,2025-03-18,Net 45
INV-00501,Supplier N,13158.34,2025-03-28,Net 15
INV-00502,Supplier Z,704.14,2025-03-01,1/15 Net 45
INV-00503,Supplier Z,18808.99,2025-02-03,2/10 Net 30
INV-00504,Supplier I,7377.9,2025-02-02,Net 30
INV-00505,Supplier M,12843.28,2025-04-08,Net 30
INV-00506,Supplier S,3526.57,2025-04-19,Net 30
INV-00507,Supplier B,14797.68,2025-04-01,Net 15
INV-00508,Supplier E,19944.02,2025-04-24,Net 15
INV-00509,Supplier L,16653.73,2025-02-14,Net 30
INV-00510,Supplier P,8969.27,2025-02-13,Net 15
INV-00511,Supplier N,13321.98,2025-02-22,Net 15
INV-00512,Supplier K,5112.48,2025-04-15,Net 45
INV-00513,Supplier W,8202.32,2025-03-25,2/10 Net 30
INV-00514,Supplier S,14835.79,2025-02-15,Net 45
INV-00515,Supplier Q,8463.08,2025-02-20,Net 15
INV-00516,Supplier X,4821.4,2025-02-19,Net 15
INV-00517,Supplier M,7902.85,2025-02-11,Net 15
INV-00518,Supplier W,1840.08,2025-04-10,Net 45
INV-00519,Supplier F,192.71,2025-03-20,Net 45
INV-00520,Supplier Q,14133.63,2025-03-09,Net 30
INV-00521,Supplier K,3346.93,2025-03-31,2/10 Net 30
INV-00522,Supplier I,1174.51,2025-02-01,Net 30
INV-00523,Supplier M,17635.19,2025-03-22,2/10 Net 30
INV-00524,Supplier X,17252.66,2025-04-19,1/15 Net 45
INV-00525,Supplier T,12270.69,2025-02-11,2/10 Net 30
INV-00526,Supplier Y,2112.04,2025-04-25,Net 15
INV-00527,Supplier Y,17141.48,2025-02-19,Net 15
INV-00528,Supplier G,3426.6,2025-03-12,2/10 Net 30
INV-00529,Supplier W,9176.29,2025-04-09,2/10 Net 30
INV-00530,Supplier Y,4365.71,2025-03-10,Net 30
INV-00531,Supplier Y,10596.97,2025-02-20,Net 15
INV-00532,Supplier I,16295.22,2025-04-04,Net 30
INV-00533,Supplier L,4005.8,2025-02-10,Net 30
INV-00534,Supplier K,11564.14,2025-03-11,Net 15
INV-00535,Supplier A,11645.55,2025-04-20,2/10 Net 30
INV-00536,Supplier R,728.93,2025-04-08,2/10 Net 30
INV-00537,Supplier A,10495.26,2025-04-21,Net 45
INV-00538,Supplier W,4890.37,2025-04-02,2/10 Net 30
INV-00539,Supplier F,2174.96,2025-03-26,Net 30
INV-00540,Supplier Z,3382.91,2025-03-06,1/15 Net 45
INV-00541,Supplier M,15110.29,2025-02-10,2/10 Net 30
INV-00542,Supplier F,5195.98,2025-03-15,Net 45
INV-00543,Supplier M,19129.54,2025-02-27,1/15 Net 45
INV-00544,Supplier N,7692.6,2025-02-13,Net 30
INV-00545,Supplier J,17984.2,2025-04-22,Net 30
INV-00546,Supplier W,5580.27,2025-02-15,1/15 Net 45
INV-00547,Supplier I,15141.58,2025-02-19,2/10 Net 30
INV-00548,Supplier D,1015.28,2025-02-16,1/15 Net 45
INV-00549,Supplier Y,2835.23,2025-04-16,Net 15
INV-00550,Supplier V,15378.06,2025-04-25,Net 45
INV-00551,Supplier V,17549.04,2025-03-10,Net 15
INV-00552,Supplier A,18030.37,2025-04-17,Net 30
INV-00553,Supplier A,10515.77,2025-03-28,2/10 Net 30
INV-00554,Supplier F,659.04,2025-02-26,2/10 Net 30
INV-00555,Supplier N,9068.54,2025-04-20,1/15 Net 45
INV-00556,Supplier O,16679.8,2025-04-27,Net 30
INV-00557,Supplier F,9079.54,2025-04-11,Net 45
INV-00558,Supplier N,1442.78,2025-02-02,1/15 Net 45
INV-00559,Supplier X,4314.78,2025-04-21,2/10 Net 30
INV-00560,Supplier K,13827.94,2025-03-18,Net 45
INV-00561,Supplier D,6596.33,2025-04-01,2/10 Net 30
INV-00562,Supplier V,14047.07,2025-02-11,Net 45
INV-00563,Supplier J,10034.77,2025-04-06,2/10 Net 30
INV-00564,Supplier H,15910.26,2025-02-13,Net 15
INV-00565,Supplier M,9094.68,2025-02-18,Net 15
INV-00566,Supplier H,9191.54,2025-04-12,Net 15
INV-00567,Supplier Z,6946.71,2025-02-18,Net 30
INV-00568,Supplier D,6360.74,2025-02-01,Net 15
INV-00569,Supplier Y,19385.71,2025-01-30,2/10 Net 30
INV-00570,Supplier A,4329.51,2025-04-08,2/10 Net 30
INV-00571,Supplier W,1149.71,2025-02-03,1/15 Net 45
INV-00572,Supplier U,2605.04,2025-03-19,Net 45
INV-00573,Supplier P,5094.49,2025-04-20,2/10 Net 30
INV-00574,Supplier L,15027.26,2025-03-17,2/10 Net 30
INV-00575,Supplier V,16397.88,2025-03-10,Net 45
INV-00576,Supplier T,8792.58,2025-03-13,Net 15
INV-00577,Supplier V,978.83,2025-03-11,Net 45
INV-00578,Supplier M,14353.65,2025-02-19,Net 45
INV-00579,Supplier J,1666.86,2025-01-30,2/10 Net 30
INV-00580,Supplier J,1050.14,2025-02-24,2/10 Net 30
INV-00581,Supplier O,10181.02,2025-03-02,2/10 Net 30
INV-00582,Supplier M,10985.1,2025-02-05,Net 45
INV-00583,Supplier W,17457.6,2025-03-28,Net 15
INV-00584,Supplier A,17120.35,2025-03-02,Net 45
INV-00585,Supplier Q,8051.31,2025-03-07,Net 30
INV-00586,Supplier E,17492.11,2025-03-18,Net 45
INV-00587,Supplier P,11003.56,2025-04-06,Net 15
INV-00588,Supplier L,12267.31,2025-04-02,Net 15
INV-00589,Supplier C,14080.35,2025-04-09,Net 30
INV-00590,Supplier I,12938.19,2025-04-17,Net 30
INV-00591,Supplier Q,13862.41,2025-02-05,Net 45
INV-00592,Supplier O,7757.25,2025-03-11,1/15 Net 45
INV-00593,Supplier E,13883.5,2025-02-18,2/10 Net 30
INV-00594,Supplier C,11897.81,2025-03-11,2/10 Net 30
INV-00595,Supplier H,10835.21,2025-04-22,1/15 Net 45
INV-00596,Supplier F,3705.5,2025-03-07,Net 15
INV-00597,Supplier L,10604.3,2025-02-06,Net 30
INV-00598,Supplier I,10810.4,2025-03-02,Net 30
INV-00599,Supplier N,1511.14,2025-04-04,1/15 Net 45
INV-00600,Supplier Q,8889.1,2025-04-24,2/10 Net 30
INV-00601,Supplier G,7943.24,2025-03-27,2/10 Net 30
INV-00602,Supplier O,11612.3,2025-01-30,Net 45
INV-00603,Supplier K,7638.35,2025-04-21,Net 15
INV-00604,Supplier C,7389.35,2025-02-01,Net 45
INV-00605,Supplier G,1362.61,2025-04-13,2/10 Net 30
INV-00606,Supplier C,18404.26,2025-04-03,Net 15
INV-00607,Supplier H,11154.23,2025-04-14,1/15 Net 45
INV-00608,Supplier W,10428.48,2025-03-11,1/15 Net 45
INV-00609,Supplier D,19271.64,2025-02-21,Net 45
INV-00610,Supplier B,11589.11,2025-03-23,1/15 Net 45
INV-00611,Supplier H,7320.43,2025-02-20,1/15 Net 45
INV-00612,Supplier F,481.35,2025-03-19,2/10 Net 30
INV-00613,Supplier M,8008.54,2025-04-20,Net 30
INV-00614,Supplier U,8781.8,2025-04-24,Net 15
INV-00615,Supplier L,13216.38,2025-04-28,1/15 Net 45
INV-00616,Supplier N,18683.57,2025-04-09,Net 15
INV-00617,Supplier X,13820.42,2025-02-14,Net 45
INV-00618,Supplier B,12094.26,2025-01-31,Net 30
INV-00619,Supplier B,2378.47,2025-03-11,Net 30
INV-00620,Supplier H,2011.76,2025-03-31,Net 15
INV-00621,Supplier Y,4231.17,2025-03-12,Net 45
INV-00622,Supplier F,899.83,2025-02-05,1/15 Net 45
INV-00623,Supplier P,6121.09,2025-04-11,Net 45
INV-00624,Supplier X,19728.75,2025-03-11,Net 45
INV-00625,Supplier K,12468.77,2025-03-13,2/10 Net 30
INV-00626,Supplier X,11916.89,2025-04-16,2/10 Net 30
INV-00627,Supplier U,11196.31,2025-04-26,Net 30
INV-00628,Supplier V,12821.53,2025-03-21,Net 30
INV-00629,Supplier O,11812.7,2025-04-22,Net 45
INV-00630,Supplier H,10452.69,2025-02-15,Net 30
INV-00631,Supplier N,11188.1,2025-03-15,Net 30
INV-00632,Supplier V,6562.41,2025-02-09,Net 30
INV-00633,Supplier S,19088.22,2025-03-02,2/10 Net 30
INV-00634,Supplier M,18414.16,2025-03-12,Net 15
INV-00635,Supplier U,5137.37,2025-02-08,2/10 Net 30
INV-00636,Supplier A,1077.15,2025-04-10,Net 45
INV-00637,Supplier J,1063.47,2025-04-17,1/15 Net 45
INV-00638,Supplier Y,15575.57,2025-04-03,Net 30
INV-00639,Supplier H,16942.64,2025-03-05,1/15 Net 45
INV-00640,Supplier Q,1552.29,2025-02-22,2/10 Net 30
INV-00641,Supplier P,3171.88,2025-03-31,Net 45
INV-00642,Supplier E,2879.79,2025-03-08,2/10 Net 30
INV-00643,Supplier R,3866.22,2025-04-06,Net 15
INV-00644,Supplier O,6472.01,2025-04-26,2/10 Net 30
INV-00645,Supplier D,4929.26,2025-02-22,1/15 Net 45
INV-00646,Supplier A,19102.53,2025-03-21,1/15 Net 45
INV-00647,Supplier U,10215.32,2025-04-23,Net 45
INV-00648,Supplier E,17136.09,2025-04-23,Net 15
INV-00649,Supplier S,15944.26,2025-02-19,Net 30
INV-00650,Supplier I,3097.97,2025-01-31,Net 15
INV-00651,Supplier J,971.86,2025-03-23,Net 45
INV-00652,Supplier B,16662.17,2025-04-26,Net 45
INV-00653,Supplier N,11224.72,2025-03-05,2/10 Net 30
INV-00654,Supplier P,5141.0,2025-04-02,2/10 Net 30
INV-00655,Supplier Y,11015.05,2025-02-18,Net 45
INV-00656,Supplier J,17592.2,2025-03-18,Net 15
INV-00657,Supplier B,16321.73,2025-02-03,1/15 Net 45
INV-00658,Supplier Z,12135.93,2025-02-16,2/10 Net 30
INV-00659,Supplier S,10295.58,2025-02-13,1/15 Net 45
INV-00660,Supplier Z,1926.43,2025-03-30,2/10 Net 30
INV-00661,Supplier P,12481.71,2025-04-11,Net 30
INV-00662,Supplier J,6168.97,2025-02-16,Net 30
INV-00663,Supplier G,2327.62,2025-03-13,2/10 Net 30
INV-00664,Supplier A,14865.31,2025-03-26,Net 15
INV-00665,Supplier H,9549.0,2025-02-25,Net 30
INV-00666,Supplier M,2898.66,2025-02-16,2/10 Net 30
INV-00667,Supplier T,5322.88,2025-03-06,1/15 Net 45
INV-00668,Supplier H,10808.35,2025-04-06,Net 15
INV-00669,Supplier S,15033.66,2025-03-25,Net 45
INV-00670,Supplier E,13661.09,2025-02-02,Net 45
INV-00671,Supplier T,18857.22,2025-04-17,2/10 Net 30
INV-00672,Supplier F,15803.92,2025-02-25,2/10 Net 30
INV-00673,Supplier X,5929.76,2025-04-07,2/10 Net 30
INV-00674,Supplier P,17806.96,2025-03-15,2/10 Net 30
INV-00675,Supplier H,16499.09,2025-02-01,Net 45
INV-00676,Supplier R,512.1,2025-03-03,Net 15
INV-00677,Supplier R,11138.7,2025-02-06,2/10 Net 30
INV-00678,Supplier U,14575.38,2025-02-10,Net 15
INV-00679,Supplier D,9720.8,2025-04-28,Net 45
INV-00680,Supplier F,6954.18,2025-04-18,1/15 Net 45
INV-00681,Supplier F,18529.47,2025-03-24,Net 15
INV-00682,Supplier U,11394.31,2025-04-19,2/10 Net 30
INV-00683,Supplier E,16721.11,2025-02-16,2/10 Net 30
INV-00684,Supplier X,13724.92,2025-02-02,1/15 Net 45
INV-00685,Supplier P,16593.62,2025-04-18,Net 30
INV-00686,Supplier C,2203.63,2025-03-08,1/15 Net 45
INV-00687,Supplier I,14676.97,2025-04-02,Net 15
INV-00688,Supplier X,8043.96,2025-03-10,Net 45
INV-00689,Supplier O,15568.57,2025-03-18,1/15 Net 45
INV-00690,Supplier U,14111.55,2025-03-13,1/15 Net 45
INV-00691,Supplier V,13430.47,2025-02-19,2/10 Net 30
INV-00692,Supplier M,4323.58,2025-02-16,1/15 Net 45
INV-00693,Supplier V,17919.86,2025-03-05,Net 15
INV-00694,Supplier F,5269.82,2025-03-02,Net 30
INV-00695,Supplier O,4720.31,2025-04-01,1/15 Net 45
INV-00696,Supplier M,9319.29,2025-01-31,Net 30
INV-00697,Supplier P,10747.5,2025-02-04,2/10 Net 30
INV-00698,Supplier Y,11327.37,2025-04-24,2/10 Net 30
INV-00699,Supplier Z,19077.73,2025-04-06,Net 30
INV-00700,Supplier Q,19656.0,2025-02-20,Net 15
INV-00701,Supplier A,4384.34,2025-02-02,Net 15
INV-00702,Supplier E,18027.21,2025-04-05,1/15 Net 45
INV-00703,Supplier P,4153.42,2025-04-19,2/10 Net 30
INV-00704,Supplier X,10997.76,2025-04-09,2/10 Net 30
INV-00705,Supplier W,17930.52,2025-02-06,Net 45
INV-00706,Supplier Q,16827.32,2025-04-23,Net 45
INV-00707,Supplier B,8857.25,2025-03-31,Net 45
INV-00708,Supplier K,4569.01,2025-01-31,Net 30
INV-00709,Supplier F,3431.58,2025-04-17,1/15 Net 45
INV-00710,Supplier D,12532.5,2025-04-11,Net 15
INV-00711,Supplier O,2136.27,2025-02-19,Net 30
INV-00712,Supplier J,8624.34,2025-04-06,Net 30
INV-00713,Supplier Q,17026.36,2025-03-19,Net 45
INV-00714,Supplier J,3695.28,2025-04-05,Net 30
INV-00715,Supplier H,11230.43,2025-03-04,Net 30
INV-00716,Supplier Z,17948.09,2025-04-23,Net 15
INV-00717,Supplier L,12333.23,2025-04-17,Net 30
INV-00718,Supplier B,12909.62,2025-02-18,Net 30
INV-00719,Supplier U,13939.73,2025-02-12,Net 30
INV-00720,Supplier C,14748.45,2025-02-23,1/15 Net 45
INV-00721,Supplier O,3281.01,2025-02-07,Net 15
INV-00722,Supplier L,15981.06,2025-03-15,Net 30
INV-00723,Supplier P,9240.6,2025-04-26,Net 45
INV-00724,Supplier O,1473.48,2025-02-12,Net 45
INV-00725,Supplier G,3515.82,2025-03-30,1/15 Net 45
INV-00726,Supplier V,15048.12,2025-03-17,Net 45
INV-00727,Supplier S,12102.45,2025-02-19,Net 30
INV-00728,Supplier T,18669.84,2025-04-03,1/15 Net 45
INV-00729,Supplier Y,8675.11,2025-03-01,2/10 Net 30
INV-00730,Supplier F,17073.99,2025-04-02,1/15 Net 45
INV-00731,Supplier X,18222.11,2025-03-06,Net 15
INV-00732,Supplier P,9542.33,2025-04-15,2/10 Net 30
INV-00733,Supplier H,7870.34,2025-02-15,2/10 Net 30
INV-00734,Supplier P,15598.27,2025-03-01,Net 15
INV-00735,Supplier R,5963.52,2025-02-01,1/15 Net 45
INV-00736,Supplier X,8279.91,2025-04-17,2/10 Net 30
INV-00737,Supplier V,17383.05,2025-04-12,2/10 Net 30
INV-00738,Supplier I,884.81,2025-02-28,Net 30
INV-00739,Supplier W,8801.03,2025-02-28,Net 45
INV-00740,Supplier H,10600.8,2025-04-21,2/10 Net 30
INV-00741,Supplier Z,8544.54,2025-04-16,1/15 Net 45
INV-00742,Supplier B,14951.51,2025-04-25,2/10 Net 30
INV-00743,Supplier O,11976.09,2025-03-28,Net 30
INV-00744,Supplier D,17955.51,2025-02-27,Net 30
INV-00745,Supplier F,15307.43,2025-02-02,Net 15
INV-00746,Supplier L,8591.79,2025-02-11,Net 30
INV-00747,Supplier N,19247.87,2025-02-18,Net 15
INV-00748,Supplier Z,15615.66,2025-02-10,Net 15
INV-00749,Supplier F,15380.83,2025-03-29,Net 45
INV-00750,Supplier L,17298.19,2025-03-02,Net 30
INV-00751,Supplier T,3000.12,2025-04-15,Net 30
INV-00752,Supplier L,10748.88,2025-02-13,Net 45
INV-00753,Supplier L,14542.99,2025-02-18,Net 30
INV-00754,Supplier Y,1463.47,2025-02-15,1/15 Net 45
INV-00755,Supplier S,710.32,2025-04-12,Net 45
INV-00756,Supplier C,18929.81,2025-04-29,Net 45
INV-00757,Supplier H,15794.94,2025-03-01,1/15 Net 45
INV-00758,Supplier R,8275.37,2025-04-18,1/15 Net 45
INV-00759,Supplier I,1352.89,2025-03-18,Net 30
INV-00760,Supplier G,9394.51,2025-03-28,2/10 Net 30
INV-00761,Supplier N,16349.38,2025-02-06,Net 15
INV-00762,Supplier M,480.88,2025-02-14,Net 30
INV-00763,Supplier J,13585.27,2025-03-18,Net 30
INV-00764,Supplier N,9245.17,2025-03-19,1/15 Net 45
INV-00765,Supplier A,17674.48,2025-04-11,1/15 Net 45
INV-00766,Supplier M,4855.26,2025-03-10,Net 45
INV-00767,Supplier Y,12796.49,2025-03-14,Net 45
INV-00768,Supplier E,11418.7,2025-04-18,Net 15
INV-00769,Supplier L,14429.33,2025-03-20,Net 30
INV-00770,Supplier U,19517.7,2025-04-17,Net 15
INV-00771,Supplier J,4628.06,2025-03-02,Net 45
INV-00772,Supplier Y,7585.76,2025-03-09,1/15 Net 45
INV-00773,Supplier R,9203.11,2025-03-04,Net 45
INV-00774,Supplier E,6438.76,2025-02-01,2/10 Net 30
INV-00775,Supplier S,3281.2,2025-04-28,Net 45
INV-00776,Supplier F,19185.58,2025-01-30,Net 45
INV-00777,Supplier I,14074.65,2025-02-14,Net 45
INV-00778,Supplier H,2844.02,2025-02-05,1/15 Net 45
INV-00779,Supplier H,14219.14,2025-03-28,1/15 Net 45
INV-00780,Supplier W,14999.36,2025-02-27,1/15 Net 45
INV-00781,Supplier F,17204.01,2025-04-02,Net 30
INV-00782,Supplier N,14142.21,2025-02-11,1/15 Net 45
INV-00783,Supplier R,10050.87,2025-04-09,Net 30
INV-00784,Supplier I,15642.63,2025-03-16,Net 15
INV-00785,Supplier R,2357.98,2025-01-31,2/10 Net 30
INV-00786,Supplier Z,15750.31,2025-02-27,2/10 Net 30
INV-00787,Supplier N,4414.2,2025-02-21,Net 30
INV-00788,Supplier B,12704.54,2025-02-28,Net 45
INV-00789,Supplier J,12610.47,2025-03-07,Net 45
INV-00790,Supplier I,218.34,2025-03-10,2/10 Net 30
INV-00791,Supplier X,9688.33,2025-03-06,Net 30
INV-00792,Supplier Y,13867.85,2025-03-03,1/15 Net 45
INV-00793,Supplier Q,4991.73,2025-03-21,Net 30
INV-00794,Supplier R,10431.58,2025-04-25,Net 30
INV-00795,Supplier C,5544.56,2025-02-28,Net 45
INV-00796,Supplier R,4755.14,2025-04-04,1/15 Net 45
INV-00797,Supplier Y,1314.25,2025-04-20,Net 15
INV-00798,Supplier S,11043.67,2025-04-10,1/15 Net 45
INV-00799,Supplier O,14781.25,2025-04-04,1/15 Net 45
INV-00800,Supplier O,15645.27,2025-02-27,Net 30
INV-00801,Supplier L,16201.25,2025-04-15,Net 30
INV-00802,Supplier C,5401.62,2025-02-22,1/15 Net 45
INV-00803,Supplier P,15571.5,2025-03-29,Net 30
INV-00804,Supplier J,1108.46,2025-04-28,1/15 Net 45
INV-00805,Supplier X,13763.67,2025-04-10,Net 30
INV-00806,Supplier W,13741.02,2025-04-26,1/15 Net 45
INV-00807,Supplier F,5506.53,2025-03-01,Net 45
INV-00808,Supplier X,3902.49,2025-03-10,Net 30
INV-00809,Supplier F,1439.47,2025-03-06,Net 30
INV-00810,Supplier P,6803.66,2025-03-02,Net 15
INV-00811,Supplier Y,13002.68,2025-03-15,2/10 Net 30
INV-00812,Supplier G,544.67,2025-03-08,Net 15
INV-00813,Supplier M,10737.45,2025-03-15,Net 30
INV-00814,Supplier S,5179.56,2025-03-26,Net 45
INV-00815,Supplier R,18498.74,2025-03-29,Net 15
INV-00816,Supplier W,3193.68,2025-04-29,Net 30
INV-00817,Supplier B,16390.26,2025-03-03,Net 15
INV-00818,Supplier N,15843.58,2025-02-07,2/10 Net 30
INV-00819,Supplier S,2515.24,2025-02-15,Net 15
INV-00820,Supplier V,17245.4,2025-03-27,Net 15
INV-00821,Supplier V,3261.3,2025-02-11,Net 30
INV-00822,Supplier K,7514.99,2025-04-13,Net 30
INV-00823,Supplier E,13015.64,2025-03-09,2/10 Net 30
INV-00824,Supplier R,9671.21,2025-02-21,Net 30
INV-00825,Supplier R,18254.26,2025-03-04,2/10 Net 30
INV-00826,Supplier K,18427.78,2025-02-12,Net 45
INV-00827,Supplier G,14840.39,2025-03-30,2/10 Net 30
INV-00828,Supplier E,14873.75,2025-03-17,Net 15
INV-00829,Supplier I,11994.08,2025-02-07,Net 45
INV-00830,Supplier D,682.18,2025-03-13,2/10 Net 30
INV-00831,Supplier W,19773.56,2025-03-30,2/10 Net 30
INV-00832,Supplier C,3588.9,2025-02-18,Net 30
INV-00833,Supplier B,10901.6,2025-01-31,Net 45
INV-00834,Supplier P,6421.26,2025-03-13,1/15 Net 45
INV-00835,Supplier I,16912.23,2025-04-13,1/15 Net 45
INV-00836,Supplier M,18093.46,2025-04-11,Net 15
INV-00837,Supplier V,4352.9,2025-03-10,2/10 Net 30
INV-00838,Supplier S,10435.77,2025-03-12,Net 45
INV-00839,Supplier Y,13424.13,2025-03-06,Net 45
INV-00840,Supplier W,9503.24,2025-03-15,Net 45
INV-00841,Supplier Y,306.49,2025-04-22,Net 45
INV-00842,Supplier G,5105.69,2025-02-06,Net 30
INV-00843,Supplier Y,3137.93,2025-04-10,Net 45
INV-00844,Supplier T,7931.48,2025-02-24,Net 15
INV-00845,Supplier J,19270.97,2025-03-14,1/15 Net 45
INV-00846,Supplier F,3991.27,2025-03-27,1/15 Net 45
INV-00847,Supplier W,498.3,2025-02-12,Net 45
INV-00848,Supplier A,8484.67,2025-04-17,1/15 Net 45
INV-00849,Supplier J,15541.43,2025-03-22,Net 45
INV-00850,Supplier J,12598.75,2025-03-25,1/15 Net 45
INV-00851,Supplier N,17691.69,2025-04-22,Net 45
INV-00852,Supplier S,1784.05,2025-02-06,1/15 Net 45
INV-00853,Supplier Y,6269.87,2025-04-11,Net 30
INV-00854,Supplier N,8421.89,2025-02-14,Net 15
INV-00855,Supplier B,9813.81,2025-03-16,Net 30
INV-00856,Supplier Z,3859.93,2025-04-22,Net 45
INV-00857,Supplier E,18450.08,2025-02-15,Net 15
INV-00858,Supplier H,12207.39,2025-03-16,Net 45
INV-00859,Supplier L,3213.05,2025-02-15,Net 30
INV-00860,Supplier N,5166.75,2025-03-20,Net 30
INV-00861,Supplier Z,15786.01,2025-04-08,1/15 Net 45
INV-00862,Supplier P,3783.75,2025-03-18,Net 45
INV-00863,Supplier L,15939.03,2025-04-13,1/15 Net 45
INV-00864,Supplier N,698.39,2025-03-13,1/15 Net 45
INV-00865,Supplier X,541.29,2025-02-10,1/15 Net 45
INV-00866,Supplier E,13060.05,2025-03-18,Net 30
INV-00867,Supplier C,14564.16,2025-03-30,Net 45
INV-00868,Supplier J,777.43,2025-02-27,1/15 Net 45
INV-00869,Supplier O,11620.34,2025-03-26,1/15 Net 45
INV-00870,Supplier S,17212.57,2025-04-04,Net 15
INV-00871,Supplier W,12547.24,2025-02-20,2/10 Net 30
INV-00872,Supplier P,8469.92,2025-01-31,Net 45
INV-00873,Supplier V,6232.98,2025-01-30,Net 15
INV-00874,Supplier O,7280.55,2025-03-20,Net 30
INV-00875,Supplier N,11967.06,2025-03-23,1/15 Net 45
INV-00876,Supplier Y,7245.14,2025-02-13,2/10 Net 30
INV-00877,Supplier Y,15807.15,2025-03-01,Net 15
INV-00878,Supplier J,9865.84,2025-03-26,1/15 Net 45
INV-00879,Supplier H,4274.65,2025-04-11,2/10 Net 30
INV-00880,Supplier N,19246.05,2025-04-06,2/10 Net 30
INV-00881,Supplier Y,13695.54,2025-02-24,Net 15
INV-00882,Supplier T,9396.44,2025-02-14,1/15 Net 45
INV-00883,Supplier J,12423.2,2025-03-06,1/15 Net 45
INV-00884,Supplier C,17417.95,2025-03-30,Net 45
INV-00885,Supplier A,5123.11,2025-04-08,Net 30
INV-00886,Supplier G,10042.06,2025-02-10,Net 15
INV-00887,Supplier X,15964.8,2025-04-29,1/15 Net 45
INV-00888,Supplier D,8288.19,2025-04-05,2/10 Net 30
INV-00889,Supplier G,13537.37,2025-02-19,Net 15
INV-00890,Supplier J,452.77,2025-04-28,1/15 Net 45
INV-00891,Supplier Y,5671.55,2025-02-09,Net 45
INV-00892,Supplier N,1105.0,2025-03-26,Net 45
INV-00893,Supplier V,8270.88,2025-04-08,Net 30
INV-00894,Supplier E,7381.97,2025-03-30,2/10 Net 30
INV-00895,Supplier X,4129.54,2025-03-05,2/10 Net 30
INV-00896,Supplier A,5962.82,2025-04-01,Net 30
INV-00897,Supplier M,17830.85,2025-02-14,Net 15
INV-00898,Supplier Z,8335.48,2025-04-07,Net 30
INV-00899,Supplier L,8589.62,2025-04-16,Net 45
INV-00900,Supplier V,13821.83,2025-02-17,2/10 Net 30
INV-00901,Supplier W,16565.2,2025-04-02,Net 30
INV-00902,Supplier K,11779.49,2025-03-19,Net 30
INV-00903,Supplier L,3428.35,2025-03-20,2/10 Net 30
INV-00904,Supplier T,7897.22,2025-02-24,1/15 Net 45
INV-00905,Supplier A,9164.31,2025-03-01,1/15 Net 45
INV-00906,Supplier Y,12537.39,2025-02-27,Net 15
INV-00907,Supplier P,4357.69,2025-02-09,Net 45
INV-00908,Supplier S,19347.94,2025-03-26,1/15 Net 45
INV-00909,Supplier H,16171.49,2025-03-10,Net 45
INV-00910,Supplier O,19736.23,2025-03-10,2/10 Net 30
INV-00911,Supplier O,11250.46,2025-03-12,1/15 Net 45
INV-00912,Supplier V,6550.59,2025-04-10,2/10 Net 30
INV-00913,Supplier X,8560.27,2025-03-23,Net 45
INV-00914,Supplier I,10025.27,2025-04-18,Net 15
INV-00915,Supplier I,8105.24,2025-02-28,Net 30
INV-00916,Supplier C,520.59,2025-02-21,2/10 Net 30
INV-00917,Supplier E,7225.89,2025-03-11,Net 45
INV-00918,Supplier M,18633.5,2025-03-29,Net 30
INV-00919,Supplier T,16678.25,2025-03-13,Net 30
INV-00920,Supplier K,13611.59,2025-04-08,Net 30
INV-00921,Supplier U,7533.7,2025-03-04,1/15 Net 45
INV-00922,Supplier A,13702.09,2025-03-01,Net 15
INV-00923,Supplier U,13513.3,2025-04-15,1/15 Net 45
INV-00924,Supplier V,3779.26,2025-03-15,Net 45
INV-00925,Supplier P,18241.77,2025-02-10,Net 45
INV-00926,Supplier A,7138.92,2025-04-15,Net 45
INV-00927,Supplier U,604.43,2025-03-24,Net 30
INV-00928,Supplier W,11239.62,2025-03-14,1/15 Net 45
INV-00929,Supplier T,6645.03,2025-03-10,Net 30
INV-00930,Supplier P,15700.53,2025-02-01,2/10 Net 30
INV-00931,Supplier O,9986.96,2025-04-12,Net 30
INV-00932,Supplier L,11925.46,2025-03-31,1/15 Net 45
INV-00933,Supplier I,1247.24,2025-01-31,Net 30
INV-00934,Supplier E,19841.43,2025-03-05,1/15 Net 45
INV-00935,Supplier Z,385.54,2025-02-23,Net 30
INV-00936,Supplier Y,13524.03,2025-03-07,Net 15
INV-00937,Supplier A,7942.55,2025-04-05,Net 30
INV-00938,Supplier L,11207.3,2025-03-29,Net 15
INV-00939,Supplier D,13196.5,2025-02-21,Net 15
INV-00940,Supplier M,18218.6,2025-03-17,Net 45
INV-00941,Supplier A,11215.86,2025-04-02,Net 15
INV-00942,Supplier K,2414.06,2025-03-07,2/10 Net 30
INV-00943,Supplier U,1685.08,2025-02-11,Net 45
INV-00944,Supplier Y,16979.32,2025-04-18,Net 30
INV-00945,Supplier Z,9153.9,2025-04-02,2/10 Net 30
INV-00946,Supplier J,18131.21,2025-02-24,Net 30
INV-00947,Supplier H,17627.71,2025-02-13,Net 30
INV-00948,Supplier M,5602.32,2025-04-10,Net 15
INV-00949,Supplier Q,4129.85,2025-03-07,2/10 Net 30
INV-00950,Supplier B,192.28,2025-02-13,Net 30
INV-00951,Supplier J,12018.58,2025-04-09,1/15 Net 45
INV-00952,Supplier V,19536.44,2025-02-18,Net 45
INV-00953,Supplier C,983.12,2025-03-10,1/15 Net 45
INV-00954,Supplier R,125.72,2025-04-05,2/10 Net 30
INV-00955,Supplier B,10677.27,2025-04-04,Net 45
INV-00956,Supplier C,2338.19,2025-02-18,Net 15
INV-00957,Supplier G,16309.0,2025-03-07,Net 30
INV-00958,Supplier T,3331.31,2025-02-19,Net 45
INV-00959,Supplier W,277.24,2025-02-10,2/10 Net 30
INV-00960,Supplier U,4621.53,2025-04-16,2/10 Net 30
INV-00961,Supplier L,11937.02,2025-02-14,Net 15
INV-00962,Supplier M,1931.8,2025-02-07,Net 30
INV-00963,Supplier P,19414.35,2025-03-06,2/10 Net 30
INV-00964,Supplier T,15801.48,2025-03-06,2/10 Net 30
INV-00965,Supplier P,18218.98,2025-02-03,Net 15
INV-00966,Supplier L,5531.29,2025-03-11,Net 15
INV-00967,Supplier B,8619.7,2025-04-24,2/10 Net 30
INV-00968,Supplier A,18329.75,2025-02-17,Net 30
INV-00969,Supplier Y,9065.91,2025-03-28,2/10 Net 30
INV-00970,Supplier T,19477.82,2025-04-20,1/15 Net 45
INV-00971,Supplier H,14403.64,2025-02-21,2/10 Net 30
INV-00972,Supplier T,477.61,2025-03-03,Net 30
INV-00973,Supplier U,17381.69,2025-02-01,Net 15
INV-00974,Supplier M,4606.68,2025-04-17,1/15 Net 45
INV-00975,Supplier N,3944.43,2025-03-18,2/10 Net 30
INV-00976,Supplier H,18341.09,2025-01-30,Net 30
INV-00977,Supplier Z,13091.29,2025-03-23,Net 45
INV-00978,Supplier I,10912.59,2025-02-20,2/10 Net 30
INV-00979,Supplier S,17503.65,2025-02-15,2/10 Net 30
INV-00980,Supplier R,18276.98,2025-03-09,2/10 Net 30
INV-00981,Supplier X,16954.08,2025-04-15,Net 45
INV-00982,Supplier X,17502.89,2025-04-28,1/15 Net 45
INV-00983,Supplier U,569.36,2025-04-08,2/10 Net 30
INV-00984,Supplier B,8076.59,2025-02-01,2/10 Net 30
INV-00985,Supplier S,236.07,2025-02-10,2/10 Net 30
INV-00986,Supplier A,9093.71,2025-04-14,Net 30
INV-00987,Supplier M,2152.44,2025-02-04,Net 30
INV-00988,Supplier M,3444.87,2025-03-13,Net 15
INV-00989,Supplier L,9154.53,2025-04-12,Net 45
INV-00990,Supplier N,6894.54,2025-03-04,Net 45
INV-00991,Supplier I,205.45,2025-03-07,Net 15
INV-00992,Supplier L,17016.45,2025-04-22,1/15 Net 45
INV-00993,Supplier Y,3537.92,2025-02-19,Net 30
INV-00994,Supplier D,8394.28,2025-03-29,2/10 Net 30
INV-00995,Supplier A,6508.94,2025-04-28,1/15 Net 45
INV-00996,Supplier R,1946.26,2025-03-29,Net 30
INV-00997,Supplier A,19647.25,2025-03-10,Net 15
INV-00998,Supplier A,16421.22,2025-03-11,1/15 Net 45
INV-00999,Supplier K,17096.35,2025-04-10,Net 30
INV-01000,Supplier S,8650.53,2025-03-22,Net 15
